CREDIT,20050516120000[0:GMT],MONEY2INDIA PYMTTRANSFER   200505130084712     PPD NTE*ADD*VALIDATION OF ACH ACCOUNTS\,0.43

CREDIT,20050516120000[0:GMT],MONEY2INDIA PYMTTRANSFER   200505130084713     PPD NTE*ADD*VALIDATION OF ACH ACCOUNTS\,0.12

DEBIT,20050516120000[0:GMT],MONEY2INDIA SUB TRANSFER   200505130084714     WEB NTE*ADD*ICICI BANK LIMITED\,-0.55

CHECK,20050506120000[0:GMT],CHECK,-266.55

CREDIT,20050426120000[0:GMT],INFOSYS TECHNOLOPAYROLL    XAW000000018418     PPD,1452.73

CREDIT,20050426120000[0:GMT],INFOSYS TECHNOLOPAYROLL    XAW000000018418     PPD,922.44

CHECK,20050425120000[0:GMT],CHECK,-799

CHECK,20050425120000[0:GMT],CHECK,-479

DEBIT,20050425120000[0:GMT],ATM WITHDRAWAL          008827  04/23118 SKOKI,-300,

DEBIT,20050415120000[0:GMT],ATM WITHDRAWAL          003473  04/141900 CENT,-300,

3/22/05,,ATM WITHDRAWAL 005903 03/21118 SKOKI,($40.00),W/D
3/22/05,,ATM WITHDRAWAL 005902 03/21118 SKOKI,($60.00),W/D
3/22/05,,ATM WITHDRAWAL 005901 03/21118 SKOKI,($200.00),W/D
